Country Code,Country Name,Region,Domain,Slope,Intercept,R2,SE_Pred_2030,Backtest_RMSE
ALB,Albania,Europe,Climate & Energy,0.006006,-11.461113,0.9349,0.006672,0.092
ALB,Albania,Europe,Digital Infrastructure,0.029988,-60.035477,0.9791,0.018429,0.0978
ALB,Albania,Europe,Economic Fragility,0.001278,-1.869222,0.1659,0.012073,0.0635
ALB,Albania,Europe,Food Security,0.009903,-19.264777,0.4414,0.046916,0.0731
ALB,Albania,Europe,Healthcare,0.004656,-9.125127,0.56,0.01738,0.0653
ALB,Albania,Europe,Political Stability,0.007918,-15.319045,0.6619,0.023832,0.066
ARE,United Arab Emirates,Middle East,Climate & Energy,0.001013,-1.329178,0.0296,0.024417,0.092
ARE,United Arab Emirates,Middle East,Digital Infrastructure,0.037204,-74.319871,0.9783,0.023329,0.0978
ARE,United Arab Emirates,Middle East,Economic Fragility,0.015464,-30.482426,0.6099,0.052078,0.0635
ARE,United Arab Emirates,Middle East,Food Security,0.004268,-7.718176,0.2835,0.028575,0.0731
ARE,United Arab Emirates,Middle East,Healthcare,0.005126,-10.152001,0.7348,0.012969,0.0653
ARE,United Arab Emirates,Middle East,Political Stability,-0.003397,7.625197,0.6247,0.011088,0.066
ARM,Armenia,Central Asia,Climate & Energy,0.003818,-7.062196,0.5543,0.014421,0.092
ARM,Armenia,Central Asia,Digital Infrastructure,0.029548,-59.175029,0.9468,0.02951,0.0978
ARM,Armenia,Central Asia,Economic Fragility,0.002166,-3.673944,0.0812,0.030685,0.0635
ARM,Armenia,Central Asia,Food Security,0.017642,-34.88195,0.6496,0.054563,0.0731
ARM,Armenia,Central Asia,Healthcare,0.005778,-11.264749,0.7845,0.012752,0.0653
ARM,Armenia,Central Asia,Political Stability,-0.005805,12.233832,0.2828,0.038935,0.066
AUS,Australia,Oceania,Climate & Energy,0.001961,-3.250222,0.1561,0.019205,0.092
AUS,Australia,Oceania,Digital Infrastructure,0.030336,-60.419105,0.7317,0.077364,0.0978
AUS,Australia,Oceania,Economic Fragility,0.000395,-0.082887,0.0741,0.005879,0.0635
AUS,Australia,Oceania,Food Security,-0.001223,3.35619,0.2202,0.009691,0.0731
AUS,Australia,Oceania,Healthcare,0.008597,-16.909161,0.8872,0.012911,0.0653
AUS,Australia,Oceania,Political Stability,-0.001937,4.725187,0.2472,0.014234,0.066
AUT,Austria,Europe,Climate & Energy,0.001908,-3.146258,0.3734,0.010407,0.092
AUT,Austria,Europe,Digital Infrastructure,0.024502,-48.699356,0.8713,0.039661,0.0978
AUT,Austria,Europe,Economic Fragility,2.1e-05,0.68058,0.0,0.012719,0.0635
AUT,Austria,Europe,Food Security,-0.001051,2.985374,0.1632,0.01002,0.0731
AUT,Austria,Europe,Healthcare,0.003239,-5.975417,0.927,0.003828,0.0653
AUT,Austria,Europe,Political Stability,-0.002973,6.830714,0.2225,0.023407,0.066
AZE,Azerbaijan,Central Asia,Climate & Energy,0.005037,-9.517646,0.5154,0.020568,0.092
AZE,Azerbaijan,Central Asia,Digital Infrastructure,0.03566,-71.380796,0.9109,0.046974,0.0978
AZE,Azerbaijan,Central Asia,Economic Fragility,0.005937,-11.277047,0.2743,0.040661,0.0635
AZE,Azerbaijan,Central Asia,Food Security,0.004517,-8.39194,0.1225,0.050916,0.0731
AZE,Azerbaijan,Central Asia,Healthcare,-0.004289,8.922628,0.678,0.012447,0.0653
AZE,Azerbaijan,Central Asia,Political Stability,0.001915,-3.394679,0.0566,0.032923,0.066
BEL,Belgium,Europe,Climate & Energy,0.002575,-4.526286,0.2529,0.018641,0.092
BEL,Belgium,Europe,Digital Infrastructure,0.030487,-60.657196,0.906,0.041367,0.0978
BEL,Belgium,Europe,Economic Fragility,-3.9e-05,0.800027,0.0002,0.011351,0.0635
BEL,Belgium,Europe,Food Security,-0.00025,1.331421,0.0031,0.018787,0.0731
BEL,Belgium,Europe,Healthcare,0.002683,-4.958188,0.8949,0.003872,0.0653
BEL,Belgium,Europe,Political Stability,-0.006025,12.899513,0.6231,0.019736,0.066
BFA,Burkina Faso,Africa,Climate & Energy,-0.001953,4.322813,0.0582,0.033097,0.092
BFA,Burkina Faso,Africa,Digital Infrastructure,0.004198,-8.406281,0.6484,0.01302,0.0978
BFA,Burkina Faso,Africa,Economic Fragility,0.000375,-0.061343,0.0211,0.010756,0.0635
BFA,Burkina Faso,Africa,Food Security,0.007962,-15.39962,0.641,0.025093,0.0731
BFA,Burkina Faso,Africa,Healthcare,0.001695,-3.258992,0.0365,0.036658,0.0653
BFA,Burkina Faso,Africa,Political Stability,-0.018968,38.642137,0.8197,0.037467,0.066
BGD,Bangladesh,South Asia,Climate & Energy,0.00492,-9.452728,0.6954,0.013713,0.092
BGD,Bangladesh,South Asia,Digital Infrastructure,0.013292,-26.640067,0.8362,0.024771,0.0978
BGD,Bangladesh,South Asia,Economic Fragility,-0.000788,2.260493,0.2164,0.006311,0.0635
BGD,Bangladesh,South Asia,Food Security,0.013295,-26.127059,0.565,0.049126,0.0731
BGD,Bangladesh,South Asia,Healthcare,0.001955,-3.886915,0.9701,0.001445,0.0653
BGD,Bangladesh,South Asia,Political Stability,0.002224,-4.120611,0.061,0.036744,0.066
BHR,Bahrain,Middle East,Climate & Energy,0.003285,-5.917156,0.1507,0.032843,0.092
BHR,Bahrain,Middle East,Digital Infrastructure,0.031024,-61.957645,0.8073,0.063841,0.0978
BHR,Bahrain,Middle East,Economic Fragility,0.001177,-1.661596,0.111,0.014026,0.0635
BHR,Bahrain,Middle East,Food Security,-0.006714,14.17075,0.3007,0.043114,0.0731
BHR,Bahrain,Middle East,Healthcare,0.00035,-0.569476,0.0467,0.006666,0.0653
BHR,Bahrain,Middle East,Political Stability,-0.009831,20.298737,0.4114,0.049523,0.066
BIH,Bosnia and Herzegovina,Europe,Climate & Energy,0.002208,-3.876007,0.4195,0.010938,0.092
BIH,Bosnia and Herzegovina,Europe,Digital Infrastructure,0.032418,-64.866108,0.9934,0.011163,0.0978
BIH,Bosnia and Herzegovina,Europe,Economic Fragility,0.011407,-22.291961,0.5205,0.046104,0.0635
BIH,Bosnia and Herzegovina,Europe,Food Security,-0.005562,11.91272,0.217,0.044226,0.0731
BIH,Bosnia and Herzegovina,Europe,Healthcare,0.009031,-17.870567,0.6885,0.02558,0.0653
BIH,Bosnia and Herzegovina,Europe,Political Stability,-0.000134,0.794637,0.0005,0.024385,0.066
BLR,Belarus,Europe,Climate & Energy,0.003861,-7.131575,0.5151,0.015777,0.092
BLR,Belarus,Europe,Digital Infrastructure,0.04332,-86.719448,0.9449,0.044057,0.0978
BLR,Belarus,Europe,Economic Fragility,0.010431,-20.34103,0.4695,0.046691,0.0635
BLR,Belarus,Europe,Food Security,0.004428,-8.081028,0.1612,0.042534,0.0731
BLR,Belarus,Europe,Healthcare,0.001513,-2.543191,0.4248,0.007413,0.0653
BLR,Belarus,Europe,Political Stability,-0.008841,18.412631,0.4501,0.041155,0.066
BOL,Bolivia,South America,Climate & Energy,0.005595,-10.674165,0.74,0.013967,0.092
BOL,Bolivia,South America,Digital Infrastructure,0.022267,-44.59651,0.8414,0.040718,0.0978
BOL,Bolivia,South America,Economic Fragility,0.000805,-0.916919,0.0272,0.020266,0.0635
BOL,Bolivia,South America,Food Security,0.010085,-19.63833,0.7182,0.026601,0.0731
BOL,Bolivia,South America,Healthcare,0.001895,-3.641602,0.1502,0.018984,0.0653
BOL,Bolivia,South America,Political Stability,0.002801,-5.115442,0.1507,0.027997,0.066
BRA,Brazil,South America,Climate & Energy,0.002236,-3.807859,0.6558,0.006821,0.092
BRA,Brazil,South America,Digital Infrastructure,0.028298,-56.589195,0.9982,0.005023,0.0978
BRA,Brazil,South America,Economic Fragility,0.001311,-1.931693,0.1665,0.012356,0.0635
BRA,Brazil,South America,Food Security,0.003412,-5.979764,0.4062,0.017376,0.0731
BRA,Brazil,South America,Healthcare,0.002028,-3.767026,0.1087,0.024455,0.0653
BRA,Brazil,South America,Political Stability,-0.005887,12.41444,0.516,0.024011,0.066
BWA,Botswana,Africa,Climate & Energy,0.005977,-11.530412,0.8431,0.010856,0.092
BWA,Botswana,Africa,Digital Infrastructure,0.020185,-40.432991,0.8524,0.035373,0.0978
BWA,Botswana,Africa,Economic Fragility,0.000475,-0.258994,0.0048,0.028936,0.0635
BWA,Botswana,Africa,Food Security,0.004689,-8.876695,0.2547,0.033784,0.0731
BWA,Botswana,Africa,Healthcare,0.001404,-2.648664,0.104,0.017356,0.0653
BWA,Botswana,Africa,Political Stability,0.000386,0.064244,0.0436,0.007613,0.066
CAN,Canada,North America,Climate & Energy,0.00194,-3.21061,0.219,0.015432,0.092
CAN,Canada,North America,Digital Infrastructure,0.024021,-47.606563,0.9167,0.030492,0.0978
CAN,Canada,North America,Economic Fragility,0.000232,0.251838,0.0069,0.011766,0.0635
CAN,Canada,North America,Food Security,-0.002026,4.943016,0.4471,0.009487,0.0731
CAN,Canada,North America,Healthcare,0.002496,-4.677771,0.3341,0.014838,0.0653
CAN,Canada,North America,Political Stability,-0.00129,3.439354,0.0997,0.016325,0.066
CHE,Switzerland,Europe,Climate & Energy,0.002182,-3.732194,0.3218,0.01334,0.092
CHE,Switzerland,Europe,Digital Infrastructure,0.02949,-58.566942,0.867,0.04865,0.0978
CHE,Switzerland,Europe,Economic Fragility,0.000138,0.448386,0.0038,0.009352,0.0635
CHE,Switzerland,Europe,Food Security,0.002037,-3.186261,0.3845,0.010852,0.0731
CHE,Switzerland,Europe,Healthcare,0.001708,-2.983612,0.6235,0.00559,0.0653
CHE,Switzerland,Europe,Political Stability,-0.002315,5.557242,0.3306,0.013873,0.066
CHL,Chile,South America,Climate & Energy,0.001357,-2.051898,0.1405,0.014141,0.092
CHL,Chile,South America,Digital Infrastructure,0.028907,-57.743556,0.9914,0.011344,0.0978
CHL,Chile,South America,Economic Fragility,0.000862,-1.030511,0.0519,0.015518,0.0635
CHL,Chile,South America,Food Security,-0.002925,6.723791,0.2684,0.02034,0.0731
CHL,Chile,South America,Healthcare,0.005383,-10.57793,0.614,0.017973,0.0653
CHL,Chile,South America,Political Stability,-0.006784,14.365463,0.6931,0.01901,0.066
CHN,China,East Asia,Climate & Energy,0.006743,-12.967218,0.7018,0.018508,0.092
CHN,China,East Asia,Digital Infrastructure,0.038524,-77.132902,0.9718,0.027626,0.0978
CHN,China,East Asia,Economic Fragility,0.002078,-3.508689,0.4241,0.010197,0.0635
CHN,China,East Asia,Food Security,-0.000851,2.596274,0.0665,0.013431,0.0731
CHN,China,East Asia,Healthcare,0.009082,-18.059716,0.9032,0.012522,0.0653
CHN,China,East Asia,Political Stability,-0.000493,1.512994,0.0169,0.015864,0.066
COL,Colombia,South America,Climate & Energy,0.003368,-6.132499,0.6193,0.011122,0.092
COL,Colombia,South America,Digital Infrastructure,0.026736,-53.491764,0.9834,0.014624,0.0978
COL,Colombia,South America,Economic Fragility,0.000494,-0.294601,0.0172,0.015711,0.0635
COL,Colombia,South America,Food Security,0.002236,-3.758758,0.1625,0.02138,0.0731
COL,Colombia,South America,Healthcare,0.005192,-10.202309,0.5979,0.017931,0.0653
COL,Colombia,South America,Political Stability,0.014904,-29.664507,0.8228,0.029128,0.066
CRI,Costa Rica,Central America & Caribbean,Climate & Energy,0.002024,-3.400658,0.3651,0.01124,0.092
CRI,Costa Rica,Central America & Caribbean,Digital Infrastructure,0.028311,-56.609472,0.9743,0.019355,0.0978
CRI,Costa Rica,Central America & Caribbean,Economic Fragility,0.001869,-3.066041,0.2591,0.01331,0.0635
CRI,Costa Rica,Central America & Caribbean,Food Security,-0.004102,9.057692,0.4425,0.019388,0.0731
CRI,Costa Rica,Central America & Caribbean,Healthcare,0.002197,-4.190745,0.3955,0.011439,0.0653
CRI,Costa Rica,Central America & Caribbean,Political Stability,-0.00038,1.533652,0.0046,0.02358,0.066
CYP,Cyprus,Europe,Climate & Energy,0.002867,-5.114853,0.3045,0.018246,0.092
CYP,Cyprus,Europe,Digital Infrastructure,0.036545,-72.989736,0.9742,0.025048,0.0978
CYP,Cyprus,Europe,Economic Fragility,-0.000209,1.132172,0.0018,0.020948,0.0635
CYP,Cyprus,Europe,Food Security,0.003988,-7.30737,0.1104,0.04766,0.0731
CYP,Cyprus,Europe,Healthcare,0.004932,-9.666097,0.7004,0.013583,0.0653
CYP,Cyprus,Europe,Political Stability,0.000182,0.358792,0.003,0.014046,0.066
CZE,Czechia,Europe,Climate & Energy,0.002194,-3.735845,0.2265,0.017072,0.092
CZE,Czechia,Europe,Digital Infrastructure,0.034221,-68.311046,0.932,0.03894,0.0978
CZE,Czechia,Europe,Economic Fragility,0.000377,-0.045309,0.0116,0.014676,0.0635
CZE,Czechia,Europe,Food Security,-0.000285,1.472747,0.0145,0.009878,0.0731
CZE,Czechia,Europe,Healthcare,0.001778,-3.146796,0.4567,0.008165,0.0653
CZE,Czechia,Europe,Political Stability,0.001908,-3.018186,0.1365,0.020217,0.066
DEU,Germany,Europe,Climate & Energy,0.002941,-5.249071,0.3679,0.016232,0.092
DEU,Germany,Europe,Digital Infrastructure,0.031359,-62.403073,0.8746,0.049997,0.0978
DEU,Germany,Europe,Economic Fragility,-5.6e-05,0.839835,0.0004,0.011598,0.0635
DEU,Germany,Europe,Food Security,0.000108,0.641791,0.0014,0.012104,0.0731
DEU,Germany,Europe,Healthcare,0.003154,-5.806918,0.8229,0.006162,0.0653
DEU,Germany,Europe,Political Stability,-0.00494,10.732459,0.5025,0.0207,0.066
DNK,Denmark,Europe,Climate & Energy,0.002734,-4.817055,0.5987,0.009425,0.092
DNK,Denmark,Europe,Digital Infrastructure,0.026806,-53.142475,0.7542,0.064449,0.0978
DNK,Denmark,Europe,Economic Fragility,-0.000117,0.96015,0.0024,0.010099,0.0635
DNK,Denmark,Europe,Food Security,-0.000262,1.289257,0.0024,0.022451,0.0731
DNK,Denmark,Europe,Healthcare,0.000827,-1.28005,0.0289,0.020184,0.0653
DNK,Denmark,Europe,Political Stability,-0.005146,11.198107,0.6886,0.014573,0.066
DOM,Dominican Republic,Central America & Caribbean,Climate & Energy,0.002946,-5.304499,0.4752,0.013036,0.092
DOM,Dominican Republic,Central America & Caribbean,Digital Infrastructure,0.025158,-50.336565,0.9704,0.018506,0.0978
DOM,Dominican Republic,Central America & Caribbean,Economic Fragility,0.001416,-2.165023,0.0628,0.023023,0.0635
DOM,Dominican Republic,Central America & Caribbean,Food Security,0.007457,-14.374043,0.4942,0.031581,0.0731
DOM,Dominican Republic,Central America & Caribbean,Healthcare,-0.000867,1.90666,0.0823,0.012194,0.0653
DOM,Dominican Republic,Central America & Caribbean,Political Stability,0.003789,-6.993039,0.4165,0.018886,0.066
ECU,Ecuador,South America,Climate & Energy,0.002476,-4.349522,0.3954,0.012891,0.092
ECU,Ecuador,South America,Digital Infrastructure,0.025504,-51.060403,0.9695,0.019043,0.0978
ECU,Ecuador,South America,Economic Fragility,0.004986,-9.339838,0.3234,0.030371,0.0635
ECU,Ecuador,South America,Food Security,0.000532,-0.347736,0.0046,0.032831,0.0731
ECU,Ecuador,South America,Healthcare,0.005876,-11.627153,0.9201,0.007289,0.0653
ECU,Ecuador,South America,Political Stability,0.007043,-13.652093,0.591,0.024673,0.066
ESP,Spain,Europe,Climate & Energy,0.002461,-4.293769,0.2893,0.016243,0.092
ESP,Spain,Europe,Digital Infrastructure,0.033291,-66.411387,0.9532,0.031073,0.0978
ESP,Spain,Europe,Economic Fragility,0.000722,-0.730773,0.025,0.018993,0.0635
ESP,Spain,Europe,Food Security,-0.000515,1.842033,0.0133,0.018686,0.0731
ESP,Spain,Europe,Healthcare,0.003398,-6.480896,0.6729,0.009978,0.0653
ESP,Spain,Europe,Political Stability,0.002726,-4.836601,0.0926,0.035926,0.066
EST,Estonia,Europe,Climate & Energy,0.002383,-4.07216,0.4622,0.010825,0.092
EST,Estonia,Europe,Digital Infrastructure,0.027862,-55.433533,0.9169,0.035326,0.0978
EST,Estonia,Europe,Economic Fragility,0.002011,-3.342507,0.0993,0.025509,0.0635
EST,Estonia,Europe,Food Security,0.001426,-2.060956,0.068,0.022239,0.0731
EST,Estonia,Europe,Healthcare,0.000428,-0.517697,0.0744,0.006351,0.0653
EST,Estonia,Europe,Political Stability,-0.001564,3.917286,0.2113,0.012726,0.066
ETH,Ethiopia,Africa,Climate & Energy,0.000437,-0.438988,0.0029,0.034068,0.092
ETH,Ethiopia,Africa,Digital Infrastructure,0.003898,-7.798954,0.4134,0.019554,0.0978
ETH,Ethiopia,Africa,Economic Fragility,-0.002438,5.539115,0.1547,0.024004,0.0635
ETH,Ethiopia,Africa,Food Security,0.004739,-9.000139,0.0513,0.085812,0.0731
ETH,Ethiopia,Africa,Healthcare,-0.001574,3.269875,0.0575,0.026842,0.0653
ETH,Ethiopia,Africa,Political Stability,-0.005329,10.999953,0.3397,0.031286,0.066
FIN,Finland,Europe,Climate & Energy,0.001331,-1.992212,0.4485,0.006217,0.092
FIN,Finland,Europe,Digital Infrastructure,0.021189,-41.948378,0.6933,0.059353,0.0978
FIN,Finland,Europe,Economic Fragility,0.000939,-1.162225,0.0792,0.013474,0.0635
FIN,Finland,Europe,Food Security,-0.001859,4.615291,0.2916,0.012206,0.0731
FIN,Finland,Europe,Healthcare,-0.001647,3.723334,0.0836,0.022969,0.0653
FIN,Finland,Europe,Political Stability,-0.00961,20.232354,0.9381,0.010393,0.066
FRA,France,Europe,Climate & Energy,0.002506,-4.399709,0.2759,0.017101,0.092
FRA,France,Europe,Digital Infrastructure,0.036749,-73.269894,0.8763,0.058148,0.0978
FRA,France,Europe,Economic Fragility,0.000253,0.216595,0.0072,0.012553,0.0635
FRA,France,Europe,Food Security,-0.000292,1.424248,0.0059,0.016013,0.0731
FRA,France,Europe,Healthcare,3.8e-05,0.408218,0.0001,0.014399,0.0653
FRA,France,Europe,Political Stability,-0.004728,10.221617,0.3709,0.025933,0.066
GBR,United Kingdom,Europe,Climate & Energy,0.002574,-4.530803,0.2525,0.018651,0.092
GBR,United Kingdom,Europe,Digital Infrastructure,0.030869,-61.407601,0.8497,0.054679,0.0978
GBR,United Kingdom,Europe,Economic Fragility,8.2e-05,0.556429,0.0004,0.016398,0.0635
GBR,United Kingdom,Europe,Food Security,8.9e-05,0.652602,0.0007,0.01377,0.0731
GBR,United Kingdom,Europe,Healthcare,0.003752,-7.212527,0.5977,0.012965,0.0653
GBR,United Kingdom,Europe,Political Stability,-0.001573,3.881708,0.0527,0.028089,0.066
GEO,Georgia,Central Asia,Climate & Energy,0.003838,-7.093023,0.5041,0.016031,0.092
GEO,Georgia,Central Asia,Digital Infrastructure,0.03519,-70.4827,0.9611,0.029821,0.0978
GEO,Georgia,Central Asia,Economic Fragility,0.000221,0.237676,0.0016,0.023027,0.0635
GEO,Georgia,Central Asia,Food Security,0.010571,-20.593194,0.4178,0.052556,0.0731
GEO,Georgia,Central Asia,Healthcare,0.005125,-9.894954,0.5804,0.018351,0.0653
GEO,Georgia,Central Asia,Political Stability,0.007369,-14.348298,0.7121,0.019732,0.066
GHA,Ghana,Africa,Climate & Energy,0.00307,-5.702314,0.457,0.014093,0.092
GHA,Ghana,Africa,Digital Infrastructure,0.015303,-30.664955,0.7964,0.032589,0.0978
GHA,Ghana,Africa,Economic Fragility,0.001387,-2.141648,0.1104,0.016587,0.0635
GHA,Ghana,Africa,Food Security,0.005997,-11.414653,0.2757,0.040931,0.0731
GHA,Ghana,Africa,Healthcare,0.001288,-2.524759,0.1048,0.015855,0.0653
GHA,Ghana,Africa,Political Stability,0.001306,-2.01131,0.0968,0.016798,0.066
GRC,Greece,Europe,Climate & Energy,0.002279,-3.922047,0.2605,0.01617,0.092
GRC,Greece,Europe,Digital Infrastructure,0.038574,-77.109795,0.9774,0.024701,0.0978
GRC,Greece,Europe,Economic Fragility,0.001239,-1.762244,0.0428,0.024667,0.0635
GRC,Greece,Europe,Food Security,0.001056,-1.350461,0.0338,0.023775,0.0731
GRC,Greece,Europe,Healthcare,0.001516,-2.59455,0.1802,0.013616,0.0653
GRC,Greece,Europe,Political Stability,-0.007154,15.05398,0.4206,0.035364,0.066
GTM,Guatemala,Central America & Caribbean,Climate & Energy,0.001574,-2.579071,0.1857,0.013876,0.092
GTM,Guatemala,Central America & Caribbean,Digital Infrastructure,0.015426,-30.878542,0.8457,0.027749,0.0978
GTM,Guatemala,Central America & Caribbean,Economic Fragility,0.00033,0.035608,0.0196,0.009834,0.0635
GTM,Guatemala,Central America & Caribbean,Food Security,0.000654,-0.705272,0.0335,0.014794,0.0731
GTM,Guatemala,Central America & Caribbean,Healthcare,-0.005968,12.217185,0.4938,0.025448,0.0653
GTM,Guatemala,Central America & Caribbean,Political Stability,0.004743,-9.06329,0.7286,0.012191,0.066
HRV,Croatia,Europe,Climate & Energy,0.002058,-3.45766,0.3336,0.012251,0.092
HRV,Croatia,Europe,Digital Infrastructure,0.029931,-59.752452,0.9423,0.031176,0.0978
HRV,Croatia,Europe,Economic Fragility,4.2e-05,0.631707,0.0001,0.021952,0.0635
HRV,Croatia,Europe,Food Security,-0.001964,4.744184,0.1387,0.020615,0.0731
HRV,Croatia,Europe,Healthcare,0.002206,-4.069415,0.5723,0.008031,0.0653
HRV,Croatia,Europe,Political Stability,0.001809,-2.890122,0.3537,0.010299,0.066
HUN,Hungary,Europe,Climate & Energy,0.002859,-5.097844,0.3448,0.016593,0.092
HUN,Hungary,Europe,Digital Infrastructure,0.034693,-69.26924,0.9369,0.037917,0.0978
HUN,Hungary,Europe,Economic Fragility,0.000286,0.131901,0.0057,0.01598,0.0635
HUN,Hungary,Europe,Food Security,-0.002293,5.525428,0.7898,0.004983,0.0731
HUN,Hungary,Europe,Healthcare,-0.003186,6.819105,0.4693,0.014267,0.0653
HUN,Hungary,Europe,Political Stability,-0.00314,7.112203,0.3608,0.017602,0.066
IDN,Indonesia,East Asia,Climate & Energy,0.009139,-17.812864,0.8807,0.014165,0.092
IDN,Indonesia,East Asia,Digital Infrastructure,0.016751,-33.559902,0.8546,0.029097,0.0978
IDN,Indonesia,East Asia,Economic Fragility,0.001296,-1.920021,0.2752,0.008857,0.0635
IDN,Indonesia,East Asia,Food Security,0.005851,-11.043601,0.6704,0.017277,0.0731
IDN,Indonesia,East Asia,Healthcare,0.00258,-5.128215,0.8426,0.004696,0.0653
IDN,Indonesia,East Asia,Political Stability,0.015757,-31.284134,0.8024,0.032933,0.066
IND,India,South Asia,Climate & Energy,0.008672,-16.905244,0.8644,0.014462,0.092
IND,India,South Asia,Digital Infrastructure,0.007711,-15.43197,0.5473,0.029537,0.0978
IND,India,South Asia,Economic Fragility,-7.9e-05,0.835074,0.0005,0.015284,0.0635
IND,India,South Asia,Food Security,0.002708,-4.648816,0.2303,0.020847,0.0731
IND,India,South Asia,Healthcare,-0.002579,5.314562,0.8535,0.004501,0.0653
IND,India,South Asia,Political Stability,0.005223,-10.114179,0.5062,0.021723,0.066
IRL,Ireland,Europe,Climate & Energy,0.002174,-3.715261,0.198,0.018425,0.092
IRL,Ireland,Europe,Digital Infrastructure,0.030396,-60.587959,0.9103,0.040192,0.0978
IRL,Ireland,Europe,Economic Fragility,-0.000935,2.575069,0.0174,0.029606,0.0635
IRL,Ireland,Europe,Food Security,-0.001027,2.891503,0.0579,0.017444,0.0731
IRL,Ireland,Europe,Healthcare,-0.003293,6.968856,0.3199,0.020219,0.0653
IRL,Ireland,Europe,Political Stability,-0.005988,12.900313,0.7643,0.014002,0.066
ISL,Iceland,Europe,Climate & Energy,-0.004239,9.174395,0.8104,0.008633,0.092
ISL,Iceland,Europe,Digital Infrastructure,0.022044,-43.5795,0.6813,0.063497,0.0978
ISL,Iceland,Europe,Economic Fragility,0.000288,0.12529,0.004,0.019181,0.0635
ISL,Iceland,Europe,Food Security,4e-05,0.731633,0.0001,0.022911,0.0731
ISL,Iceland,Europe,Healthcare,-0.000462,1.317411,0.0055,0.026141,0.0653
ISL,Iceland,Europe,Political Stability,-0.002055,5.049263,0.1879,0.017996,0.066
ITA,Italy,Europe,Climate & Energy,0.002725,-4.824399,0.3291,0.016385,0.092
ITA,Italy,Europe,Digital Infrastructure,0.026874,-53.586299,0.9677,0.020665,0.0978
ITA,Italy,Europe,Economic Fragility,-8.6e-05,0.904762,0.0005,0.016813,0.0635
ITA,Italy,Europe,Food Security,-0.00019,1.204426,0.0021,0.017502,0.0731
ITA,Italy,Europe,Healthcare,-0.001013,2.415019,0.029,0.024666,0.0653
ITA,Italy,Europe,Political Stability,-0.00253,5.81549,0.235,0.019225,0.066
JAM,Jamaica,Central America & Caribbean,Climate & Energy,0.004798,-9.052775,0.687,0.013639,0.092
JAM,Jamaica,Central America & Caribbean,Digital Infrastructure,0.025775,-51.583838,0.9549,0.023597,0.0978
JAM,Jamaica,Central America & Caribbean,Economic Fragility,0.000438,-0.171087,0.0156,0.014646,0.0635
JAM,Jamaica,Central America & Caribbean,Food Security,-0.002743,6.154406,0.1092,0.032985,0.0731
JAM,Jamaica,Central America & Caribbean,Healthcare,-0.000965,2.152399,0.0258,0.024959,0.0653
JAM,Jamaica,Central America & Caribbean,Political Stability,0.006629,-12.712993,0.5453,0.02549,0.066
JOR,Jordan,Middle East,Climate & Energy,0.002279,-3.956435,0.2736,0.015637,0.092
JOR,Jordan,Middle East,Digital Infrastructure,0.023112,-46.246954,0.976,0.015257,0.0978
JOR,Jordan,Middle East,Economic Fragility,0.00207,-3.461499,0.3603,0.011614,0.0635
JOR,Jordan,Middle East,Food Security,-0.00524,11.139035,0.1635,0.049907,0.0731
JOR,Jordan,Middle East,Healthcare,-0.003596,7.487703,0.5073,0.014922,0.0653
JOR,Jordan,Middle East,Political Stability,-0.00102,2.592671,0.0335,0.02307,0.066
KAZ,Kazakhstan,Central Asia,Climate & Energy,0.003963,-7.316852,0.3586,0.022321,0.092
KAZ,Kazakhstan,Central Asia,Digital Infrastructure,0.033011,-66.096803,0.9272,0.038939,0.0978
KAZ,Kazakhstan,Central Asia,Economic Fragility,0.003018,-5.399856,0.4941,0.012861,0.0635
KAZ,Kazakhstan,Central Asia,Food Security,-0.005645,12.165735,0.3856,0.030007,0.0731
KAZ,Kazakhstan,Central Asia,Healthcare,-0.003486,7.339139,0.6422,0.01096,0.0653
KAZ,Kazakhstan,Central Asia,Political Stability,-0.006627,13.963385,0.3726,0.036216,0.066
KGZ,Kyrgyz Republic,Central Asia,Climate & Energy,0.002689,-4.805865,0.592,0.009401,0.092
KGZ,Kyrgyz Republic,Central Asia,Digital Infrastructure,0.021362,-42.7821,0.8931,0.031121,0.0978
KGZ,Kyrgyz Republic,Central Asia,Economic Fragility,9.1e-05,0.503423,0.0003,0.024023,0.0635
KGZ,Kyrgyz Republic,Central Asia,Food Security,0.005517,-10.401418,0.4326,0.026611,0.0731
KGZ,Kyrgyz Republic,Central Asia,Healthcare,-0.003329,6.980056,0.4327,0.016052,0.0653
KGZ,Kyrgyz Republic,Central Asia,Political Stability,0.003699,-6.980036,0.1344,0.03954,0.066
KHM,Cambodia,East Asia,Climate & Energy,0.008884,-17.399034,0.855,0.015404,0.092
KHM,Cambodia,East Asia,Digital Infrastructure,0.01452,-29.108975,0.6941,0.040594,0.0978
KHM,Cambodia,East Asia,Economic Fragility,0.001973,-3.295314,0.2062,0.016303,0.0635
KHM,Cambodia,East Asia,Food Security,0.00769,-14.685153,0.8447,0.013884,0.0731
KHM,Cambodia,East Asia,Healthcare,-0.003341,6.88727,0.1127,0.039471,0.0653
KHM,Cambodia,East Asia,Political Stability,0.007495,-14.51393,0.7024,0.020547,0.066
KOR,"Korea, Rep.",East Asia,Climate & Energy,0.002826,-5.033365,0.2508,0.020572,0.092
KOR,"Korea, Rep.",East Asia,Digital Infrastructure,0.022663,-44.824088,0.8994,0.031921,0.0978
KOR,"Korea, Rep.",East Asia,Economic Fragility,0.001667,-2.64768,0.4305,0.008072,0.0635
KOR,"Korea, Rep.",East Asia,Food Security,-0.000444,1.795692,0.028,0.011022,0.0731
KOR,"Korea, Rep.",East Asia,Healthcare,0.015786,-31.354933,0.8876,0.02366,0.0653
KOR,"Korea, Rep.",East Asia,Political Stability,0.001861,-3.036935,0.1449,0.019036,0.066
KWT,Kuwait,Middle East,Climate & Energy,0.000838,-0.968804,0.0143,0.029277,0.092
KWT,Kuwait,Middle East,Digital Infrastructure,0.023648,-47.239623,0.9547,0.021698,0.0978
KWT,Kuwait,Middle East,Economic Fragility,0.002572,-4.464965,0.1739,0.023604,0.0635
KWT,Kuwait,Middle East,Food Security,-0.003657,8.11018,0.0582,0.061943,0.0731
KWT,Kuwait,Middle East,Healthcare,0.004061,-8.000404,0.743,0.010058,0.0653
KWT,Kuwait,Middle East,Political Stability,-0.002302,5.304414,0.1092,0.02769,0.066
LKA,Sri Lanka,South Asia,Climate & Energy,0.001913,-3.308271,0.2514,0.013905,0.092
LKA,Sri Lanka,South Asia,Digital Infrastructure,0.015285,-30.632817,0.8127,0.030898,0.0978
LKA,Sri Lanka,South Asia,Economic Fragility,0.001665,-2.6661,0.152,0.016562,0.0635
LKA,Sri Lanka,South Asia,Food Security,0.00777,-14.936403,0.5079,0.032207,0.0731
LKA,Sri Lanka,South Asia,Healthcare,0.002179,-4.212745,0.5012,0.009154,0.0653
LKA,Sri Lanka,South Asia,Political Stability,0.01304,-25.781231,0.5194,0.052828,0.066
LTU,Lithuania,Europe,Climate & Energy,0.00358,-6.530074,0.6482,0.011107,0.092
LTU,Lithuania,Europe,Digital Infrastructure,0.031419,-62.702889,0.895,0.045327,0.0978
LTU,Lithuania,Europe,Economic Fragility,0.000694,-0.69486,0.0162,0.02278,0.0635
LTU,Lithuania,Europe,Food Security,-0.001905,4.627013,0.0901,0.0255,0.0731
LTU,Lithuania,Europe,Healthcare,-0.000574,1.579701,0.0353,0.01262,0.0653
LTU,Lithuania,Europe,Political Stability,0.000277,0.229196,0.0054,0.015854,0.066
LUX,Luxembourg,Europe,Climate & Energy,0.001398,-2.12614,0.119,0.016017,0.092
LUX,Luxembourg,Europe,Digital Infrastructure,0.031049,-61.765369,0.8254,0.060142,0.0978
LUX,Luxembourg,Europe,Economic Fragility,0.000993,-1.283445,0.1091,0.011952,0.0635
LUX,Luxembourg,Europe,Food Security,-0.001044,2.894458,0.0405,0.021402,0.0731
LUX,Luxembourg,Europe,Healthcare,-0.001146,2.61198,0.0686,0.017795,0.0653
LUX,Luxembourg,Europe,Political Stability,-0.003696,8.350452,0.6529,0.011348,0.066
LVA,Latvia,Europe,Climate & Energy,0.001996,-3.319624,0.4674,0.008973,0.092
LVA,Latvia,Europe,Digital Infrastructure,0.031104,-62.063405,0.87,0.050634,0.0978
LVA,Latvia,Europe,Economic Fragility,0.00227,-3.862351,0.1002,0.028635,0.0635
LVA,Latvia,Europe,Food Security,-0.002399,5.563816,0.0954,0.031123,0.0731
LVA,Latvia,Europe,Healthcare,-0.001858,4.114349,0.2916,0.012194,0.0653
LVA,Latvia,Europe,Political Stability,-0.002374,5.514101,0.1573,0.023141,0.066
MAR,Morocco,Africa,Climate & Energy,0.005256,-9.953977,0.6159,0.017481,0.092
MAR,Morocco,Africa,Digital Infrastructure,0.023932,-47.87617,0.9771,0.015428,0.0978
MAR,Morocco,Africa,Economic Fragility,0.000994,-1.292868,0.0857,0.013673,0.0635
MAR,Morocco,Africa,Food Security,0.001577,-2.42044,0.0363,0.034204,0.0731
MAR,Morocco,Africa,Healthcare,0.002546,-4.98738,0.3259,0.015421,0.0653
MAR,Morocco,Africa,Political Stability,-0.000686,1.915824,0.0399,0.014169,0.066
MDA,Moldova,Europe,Climate & Energy,0.007442,-14.342141,0.8611,0.012589,0.092
MDA,Moldova,Europe,Digital Infrastructure,0.031257,-62.562031,0.9556,0.028379,0.0978
MDA,Moldova,Europe,Economic Fragility,0.002255,-3.85086,0.1421,0.023336,0.0635
MDA,Moldova,Europe,Food Security,0.014683,-28.887578,0.8218,0.028798,0.0731
MDA,Moldova,Europe,Healthcare,0.001429,-2.477994,0.083,0.02001,0.0653
MDA,Moldova,Europe,Political Stability,-0.00185,4.275736,0.0981,0.023621,0.066
MDG,Madagascar,Africa,Climate & Energy,-0.001217,2.85283,0.021,0.035027,0.092
MDG,Madagascar,Africa,Digital Infrastructure,0.003536,-7.077365,0.7435,0.008747,0.0978
MDG,Madagascar,Africa,Economic Fragility,0.000792,-0.897275,0.0254,0.020641,0.0635
MDG,Madagascar,Africa,Food Security,-0.008326,17.139785,0.4458,0.039095,0.0731
MDG,Madagascar,Africa,Healthcare,0.001964,-3.845847,0.0945,0.025605,0.0653
MDG,Madagascar,Africa,Political Stability,-0.007211,15.053606,0.3779,0.038962,0.066
MEX,Mexico,North America,Climate & Energy,0.002431,-4.2738,0.2514,0.017663,0.092
MEX,Mexico,North America,Digital Infrastructure,0.026661,-53.327312,0.9873,0.012716,0.0978
MEX,Mexico,North America,Economic Fragility,0.000251,0.210167,0.0043,0.016012,0.0635
MEX,Mexico,North America,Food Security,0.000688,-0.508457,0.1536,0.006807,0.0731
MEX,Mexico,North America,Healthcare,0.002591,-5.030951,0.8245,0.005033,0.0653
MEX,Mexico,North America,Political Stability,-0.005582,11.718616,0.5261,0.022309,0.066
MKD,North Macedonia,Europe,Climate & Energy,0.004463,-8.377428,0.6235,0.014605,0.092
MKD,North Macedonia,Europe,Digital Infrastructure,0.030624,-61.181164,0.969,0.023066,0.0978
MKD,North Macedonia,Europe,Economic Fragility,5.9e-05,0.594314,0.0003,0.013899,0.0635
MKD,North Macedonia,Europe,Food Security,0.006419,-12.14237,0.6735,0.018819,0.0731
MKD,North Macedonia,Europe,Healthcare,0.000815,-1.307541,0.086,0.011197,0.0653
MKD,North Macedonia,Europe,Political Stability,0.010654,-20.899202,0.7382,0.026719,0.066
MLT,Malta,Europe,Climate & Energy,0.002411,-4.218546,0.2184,0.019212,0.092
MLT,Malta,Europe,Digital Infrastructure,0.036936,-73.713079,0.9531,0.034513,0.0978
MLT,Malta,Europe,Economic Fragility,-0.000849,2.402185,0.0218,0.023972,0.0635
MLT,Malta,Europe,Food Security,0.000736,-0.688504,0.0243,0.019644,0.0731
MLT,Malta,Europe,Healthcare,-0.000232,0.870585,0.0021,0.021121,0.0653
MLT,Malta,Europe,Political Stability,-0.006068,13.085197,0.7971,0.012892,0.066
MNG,Mongolia,East Asia,Climate & Energy,0.008004,-15.611329,0.8251,0.015517,0.092
MNG,Mongolia,East Asia,Digital Infrastructure,0.02388,-47.853129,0.8504,0.042173,0.0978
MNG,Mongolia,East Asia,Economic Fragility,0.000863,-1.067574,0.0185,0.026508,0.0635
MNG,Mongolia,East Asia,Food Security,0.01793,-35.423696,0.8467,0.032132,0.0731
MNG,Mongolia,East Asia,Healthcare,0.005503,-10.697155,0.4555,0.025339,0.0653
MNG,Mongolia,East Asia,Political Stability,-0.0025,5.804177,0.2326,0.019121,0.066
MOZ,Mozambique,Africa,Climate & Energy,-0.002443,5.317368,0.0893,0.032849,0.092
MOZ,Mozambique,Africa,Digital Infrastructure,0.005054,-10.119536,0.6675,0.01502,0.0978
MOZ,Mozambique,Africa,Economic Fragility,0.012054,-23.624027,0.5646,0.044575,0.0635
MOZ,Mozambique,Africa,Food Security,-0.000997,2.480411,0.0089,0.04434,0.0731
MOZ,Mozambique,Africa,Healthcare,0.007563,-15.079641,0.5179,0.030728,0.0653
MOZ,Mozambique,Africa,Political Stability,-0.01628,33.310051,0.6474,0.0506,0.066
MUS,Mauritius,Africa,Climate & Energy,0.002117,-3.616644,0.1684,0.019814,0.092
MUS,Mauritius,Africa,Digital Infrastructure,0.02938,-58.783787,0.961,0.024914,0.0978
MUS,Mauritius,Africa,Economic Fragility,0.001244,-1.801283,0.0594,0.020843,0.0635
MUS,Mauritius,Africa,Food Security,-0.004897,10.437123,0.4117,0.024651,0.0731
MUS,Mauritius,Africa,Healthcare,0.005988,-11.835967,0.8861,0.009042,0.0653
MUS,Mauritius,Africa,Political Stability,-0.000917,2.654295,0.0612,0.015118,0.066
MYS,Malaysia,East Asia,Climate & Energy,0.001328,-2.038209,0.109,0.015993,0.092
MYS,Malaysia,East Asia,Digital Infrastructure,0.019967,-39.772709,0.9724,0.014168,0.0978
MYS,Malaysia,East Asia,Economic Fragility,0.000686,-0.681105,0.0339,0.015424,0.0635
MYS,Malaysia,East Asia,Food Security,-0.002443,5.777722,0.4715,0.010893,0.0731
MYS,Malaysia,East Asia,Healthcare,0.004136,-8.182885,0.9652,0.003306,0.0653
MYS,Malaysia,East Asia,Political Stability,-0.002279,5.246318,0.2163,0.018265,0.066
NAM,Namibia,Africa,Climate & Energy,0.001967,-3.518403,0.2417,0.014675,0.092
NAM,Namibia,Africa,Digital Infrastructure,0.01567,-31.383372,0.8503,0.027687,0.0978
NAM,Namibia,Africa,Economic Fragility,0.007411,-14.234046,0.4562,0.034078,0.0635
NAM,Namibia,Africa,Food Security,0.003103,-5.698231,0.1424,0.032075,0.0731
NAM,Namibia,Africa,Healthcare,-0.010002,20.544117,0.3277,0.060328,0.0653
NAM,Namibia,Africa,Political Stability,0.002664,-4.602817,0.0694,0.041085,0.066
NIC,Nicaragua,Central America & Caribbean,Climate & Energy,0.002346,-4.156041,0.4007,0.012083,0.092
NIC,Nicaragua,Central America & Caribbean,Digital Infrastructure,0.014156,-28.354283,0.9017,0.019685,0.0978
NIC,Nicaragua,Central America & Caribbean,Economic Fragility,0.000414,-0.137319,0.0094,0.017885,0.0635
NIC,Nicaragua,Central America & Caribbean,Food Security,0.002978,-5.441379,0.1941,0.025557,0.0731
NIC,Nicaragua,Central America & Caribbean,Healthcare,0.003448,-6.729785,0.1746,0.031571,0.0653
NIC,Nicaragua,Central America & Caribbean,Political Stability,-0.002859,6.303591,0.1335,0.030671,0.066
NLD,Netherlands,Europe,Climate & Energy,0.002467,-4.305073,0.2387,0.018554,0.092
NLD,Netherlands,Europe,Digital Infrastructure,0.025363,-50.261621,0.7229,0.066135,0.0978
NLD,Netherlands,Europe,Economic Fragility,-0.000155,1.034459,0.0028,0.012288,0.0635
NLD,Netherlands,Europe,Food Security,-0.002003,4.826397,0.1685,0.018736,0.0731
NLD,Netherlands,Europe,Healthcare,0.002969,-5.595082,0.5098,0.012259,0.0653
NLD,Netherlands,Europe,Political Stability,-0.005448,11.796244,0.5031,0.022804,0.066
NOR,Norway,Europe,Climate & Energy,0.000188,0.309828,0.1242,0.002106,0.092
NOR,Norway,Europe,Digital Infrastructure,0.026403,-52.34496,0.8214,0.051845,0.0978
NOR,Norway,Europe,Economic Fragility,8.6e-05,0.550125,0.0026,0.007071,0.0635
NOR,Norway,Europe,Food Security,-0.002115,5.098911,0.3144,0.013152,0.0731
NOR,Norway,Europe,Healthcare,0.002357,-4.339074,0.5416,0.009132,0.0653
NOR,Norway,Europe,Political Stability,-0.004222,9.378719,0.5953,0.014659,0.066
NPL,Nepal,South Asia,Climate & Energy,0.006179,-11.879391,0.542,0.02392,0.092
NPL,Nepal,South Asia,Digital Infrastructure,0.016012,-32.095317,0.7153,0.04254,0.0978
NPL,Nepal,South Asia,Economic Fragility,-0.000299,1.292653,0.0111,0.011884,0.0635
NPL,Nepal,South Asia,Food Security,0.003775,-6.939023,0.1008,0.04747,0.0731
NPL,Nepal,South Asia,Healthcare,0.002968,-5.87408,0.6328,0.00952,0.0653
NPL,Nepal,South Asia,Political Stability,0.017537,-34.911709,0.7562,0.041937,0.066
NZL,New Zealand,Oceania,Climate & Energy,0.001646,-2.631105,0.2322,0.012605,0.092
NZL,New Zealand,Oceania,Digital Infrastructure,0.027806,-55.307381,0.9288,0.032418,0.0978
NZL,New Zealand,Oceania,Economic Fragility,0.000149,0.412557,0.0075,0.007241,0.0635
NZL,New Zealand,Oceania,Food Security,-0.002396,5.634206,0.2744,0.016405,0.0731
NZL,New Zealand,Oceania,Healthcare,0.001963,-3.62432,0.5713,0.00716,0.0653
NZL,New Zealand,Oceania,Political Stability,0.001748,-2.602048,0.2021,0.014623,0.066
OMN,Oman,Middle East,Climate & Energy,0.004155,-7.665073,0.3416,0.024291,0.092
OMN,Oman,Middle East,Digital Infrastructure,0.03014,-60.328669,0.9508,0.028867,0.0978
OMN,Oman,Middle East,Economic Fragility,0.003084,-5.50207,0.1205,0.035081,0.0635
OMN,Oman,Middle East,Food Security,0.00652,-12.426218,0.1448,0.066721,0.0731
OMN,Oman,Middle East,Healthcare,0.000771,-1.415391,0.1132,0.009085,0.0653
OMN,Oman,Middle East,Political Stability,-0.005597,12.037887,0.6335,0.017925,0.066
PAK,Pakistan,South Asia,Climate & Energy,0.003653,-6.802024,0.6598,0.011048,0.092
PAK,Pakistan,South Asia,Digital Infrastructure,0.004719,-9.42118,0.8008,0.009853,0.0978
PAK,Pakistan,South Asia,Economic Fragility,-0.000495,1.679886,0.0365,0.010704,0.0635
PAK,Pakistan,South Asia,Food Security,0.001707,-2.784196,0.0606,0.028314,0.0731
PAK,Pakistan,South Asia,Healthcare,0.001557,-3.071148,0.5531,0.005895,0.0653
PAK,Pakistan,South Asia,Political Stability,-0.005015,10.245782,0.1159,0.05834,0.066
PAN,Panama,Central America & Caribbean,Climate & Energy,0.002464,-4.316056,0.4351,0.011823,0.092
PAN,Panama,Central America & Caribbean,Digital Infrastructure,0.023808,-47.604134,0.9716,0.017136,0.0978
PAN,Panama,Central America & Caribbean,Economic Fragility,0.000549,-0.415266,0.0053,0.031802,0.0635
PAN,Panama,Central America & Caribbean,Food Security,0.005288,-9.911135,0.184,0.0469,0.0731
PAN,Panama,Central America & Caribbean,Healthcare,0.002216,-4.232172,0.4393,0.010544,0.0653
PAN,Panama,Central America & Caribbean,Political Stability,0.002101,-3.578123,0.1224,0.023695,0.066
PER,Peru,South America,Climate & Energy,0.006228,-11.938391,0.8885,0.009291,0.092
PER,Peru,South America,Digital Infrastructure,0.019719,-39.420545,0.981,0.011543,0.0978
PER,Peru,South America,Economic Fragility,0.000841,-0.991718,0.0282,0.020792,0.0635
PER,Peru,South America,Food Security,0.008003,-15.385839,0.5028,0.033514,0.0731
PER,Peru,South America,Healthcare,-0.000244,0.664505,0.0104,0.010041,0.0653
PER,Peru,South America,Political Stability,0.00819,-16.007503,0.6856,0.023359,0.066
PHL,Philippines,East Asia,Climate & Energy,0.003559,-6.624906,0.7098,0.009584,0.092
PHL,Philippines,East Asia,Digital Infrastructure,0.019523,-39.087779,0.8866,0.02941,0.0978
PHL,Philippines,East Asia,Economic Fragility,0.000142,0.405582,0.0013,0.01636,0.0635
PHL,Philippines,East Asia,Food Security,0.001131,-1.558715,0.0672,0.017741,0.0731
PHL,Philippines,East Asia,Healthcare,0.00249,-4.893783,0.2786,0.016871,0.0653
PHL,Philippines,East Asia,Political Stability,0.006867,-13.45598,0.3652,0.038126,0.066
POL,Poland,Europe,Climate & Energy,0.003065,-5.496574,0.3419,0.017906,0.092
POL,Poland,Europe,Digital Infrastructure,0.027855,-55.594553,0.9415,0.029228,0.0978
POL,Poland,Europe,Economic Fragility,-0.000165,1.035647,0.0035,0.011827,0.0635
POL,Poland,Europe,Food Security,-0.002011,4.906124,0.289,0.013284,0.0731
POL,Poland,Europe,Healthcare,0.004399,-8.508475,0.6308,0.014173,0.0653
POL,Poland,Europe,Political Stability,0.000526,-0.299908,0.0044,0.03325,0.066
PRT,Portugal,Europe,Climate & Energy,0.001967,-3.281688,0.3229,0.011994,0.092
PRT,Portugal,Europe,Digital Infrastructure,0.035568,-71.032538,0.9948,0.010824,0.0978
PRT,Portugal,Europe,Economic Fragility,-0.000334,1.399145,0.0074,0.016236,0.0635
PRT,Portugal,Europe,Food Security,-0.001095,2.952409,0.0372,0.023451,0.0731
PRT,Portugal,Europe,Healthcare,0.005788,-11.236006,0.9147,0.007443,0.0653
PRT,Portugal,Europe,Political Stability,-0.003572,8.015145,0.2751,0.024418,0.066
PRY,Paraguay,South America,Climate & Energy,0.00228,-3.938876,0.974,0.00157,0.092
PRY,Paraguay,South America,Digital Infrastructure,0.02473,-49.530302,0.955,0.022607,0.0978
PRY,Paraguay,South America,Economic Fragility,0.000346,0.004083,0.0082,0.016043,0.0635
PRY,Paraguay,South America,Food Security,0.008375,-16.035443,0.3565,0.047387,0.0731
PRY,Paraguay,South America,Healthcare,0.006916,-13.734281,0.5927,0.024144,0.0653
PRY,Paraguay,South America,Political Stability,0.011802,-23.22443,0.7619,0.027783,0.066
ROU,Romania,Europe,Climate & Energy,0.003056,-5.482635,0.4554,0.014073,0.092
ROU,Romania,Europe,Digital Infrastructure,0.035321,-70.655831,0.993,0.012497,0.0978
ROU,Romania,Europe,Economic Fragility,0.003463,-6.2791,0.2895,0.022845,0.0635
ROU,Romania,Europe,Food Security,-0.002122,5.119583,0.2172,0.016961,0.0731
ROU,Romania,Europe,Healthcare,0.001576,-2.826815,0.1194,0.018024,0.0653
ROU,Romania,Europe,Political Stability,0.003306,-5.984063,0.258,0.02361,0.066
RUS,Russian Federation,Europe,Climate & Energy,0.003019,-5.406623,0.2478,0.02215,0.092
RUS,Russian Federation,Europe,Digital Infrastructure,0.035329,-70.679108,0.9667,0.027603,0.0978
RUS,Russian Federation,Europe,Economic Fragility,0.003821,-6.998789,0.4956,0.016234,0.0635
RUS,Russian Federation,Europe,Food Security,0.014347,-28.112397,0.5978,0.049557,0.0731
RUS,Russian Federation,Europe,Healthcare,-0.004207,8.921708,0.5892,0.014793,0.0653
RUS,Russian Federation,Europe,Political Stability,0.003913,-7.454352,0.2578,0.027962,0.066
RWA,Rwanda,Africa,Climate & Energy,0.001906,-3.420092,0.0852,0.026309,0.092
RWA,Rwanda,Africa,Digital Infrastructure,0.007039,-14.094623,0.9023,0.009752,0.0978
RWA,Rwanda,Africa,Economic Fragility,0.000449,-0.239552,0.0127,0.016663,0.0635
RWA,Rwanda,Africa,Food Security,-0.000103,0.5829,0.0002,0.034835,0.0731
RWA,Rwanda,Africa,Healthcare,-0.004311,8.827646,0.1363,0.045687,0.0653
RWA,Rwanda,Africa,Political Stability,0.016844,-33.360057,0.8214,0.033081,0.066
SAU,Saudi Arabia,Middle East,Climate & Energy,0.00331,-5.97035,0.2388,0.02489,0.092
SAU,Saudi Arabia,Middle East,Digital Infrastructure,0.043612,-87.305251,0.9616,0.036722,0.0978
SAU,Saudi Arabia,Middle East,Economic Fragility,0.000174,0.353972,0.0014,0.019331,0.0635
SAU,Saudi Arabia,Middle East,Food Security,0.005318,-9.98883,0.2249,0.041572,0.0731
SAU,Saudi Arabia,Middle East,Healthcare,0.006061,-11.990164,0.8983,0.008587,0.0653
SAU,Saudi Arabia,Middle East,Political Stability,-0.004987,10.568636,0.3686,0.027486,0.066
SGP,Singapore,East Asia,Climate & Energy,0.002386,-4.157646,0.1649,0.022609,0.092
SGP,Singapore,East Asia,Digital Infrastructure,0.021966,-43.595466,0.8724,0.035384,0.0978
SGP,Singapore,East Asia,Economic Fragility,0.001098,-1.510112,0.0555,0.01908,0.0635
SGP,Singapore,East Asia,Food Security,-0.001649,4.208529,0.3548,0.009363,0.0731
SGP,Singapore,East Asia,Healthcare,0.004868,-9.617473,0.8574,0.008361,0.0653
SGP,Singapore,East Asia,Political Stability,0.003935,-7.016207,0.6074,0.013322,0.066
SLV,El Salvador,Central America & Caribbean,Climate & Energy,0.004256,-7.950194,0.7033,0.011641,0.092
SLV,El Salvador,Central America & Caribbean,Digital Infrastructure,0.019887,-39.826268,0.9261,0.023662,0.0978
SLV,El Salvador,Central America & Caribbean,Economic Fragility,-0.00037,1.463281,0.0091,0.016252,0.0635
SLV,El Salvador,Central America & Caribbean,Food Security,-0.003064,6.81072,0.2586,0.021849,0.0731
SLV,El Salvador,Central America & Caribbean,Healthcare,-0.00647,13.323791,0.415,0.032349,0.0653
SLV,El Salvador,Central America & Caribbean,Political Stability,-0.003358,7.368682,0.3407,0.019672,0.066
SVK,Slovak Republic,Europe,Climate & Energy,0.002969,-5.316055,0.3445,0.017245,0.092
SVK,Slovak Republic,Europe,Digital Infrastructure,0.029915,-59.656303,0.9599,0.025761,0.0978
SVK,Slovak Republic,Europe,Economic Fragility,0.001373,-2.057362,0.1173,0.015856,0.0635
SVK,Slovak Republic,Europe,Food Security,0.001492,-2.131192,0.3202,0.009154,0.0731
SVK,Slovak Republic,Europe,Healthcare,-0.0003,0.994918,0.0389,0.006278,0.0653
SVK,Slovak Republic,Europe,Political Stability,-0.002287,5.400423,0.1508,0.022854,0.066
SVN,Slovenia,Europe,Climate & Energy,0.001786,-2.920151,0.1963,0.015219,0.092
SVN,Slovenia,Europe,Digital Infrastructure,0.028719,-57.232835,0.9232,0.034891,0.0978
SVN,Slovenia,Europe,Economic Fragility,0.000682,-0.657943,0.0253,0.017817,0.0635
SVN,Slovenia,Europe,Food Security,-1.6e-05,0.901984,0.0,0.01434,0.0731
SVN,Slovenia,Europe,Healthcare,0.003041,-5.759096,0.6173,0.010083,0.0653
SVN,Slovenia,Europe,Political Stability,-0.003755,8.38071,0.6365,0.011952,0.066
SWE,Sweden,Europe,Climate & Energy,0.002262,-3.8725,0.8444,0.004089,0.092
SWE,Sweden,Europe,Digital Infrastructure,0.021722,-42.957446,0.7548,0.05214,0.0978
SWE,Sweden,Europe,Economic Fragility,0.000157,0.405184,0.0034,0.011224,0.0635
SWE,Sweden,Europe,Food Security,-0.002707,6.277842,0.4964,0.011481,0.0731
SWE,Sweden,Europe,Healthcare,0.005595,-10.882953,0.5577,0.020984,0.0653
SWE,Sweden,Europe,Political Stability,-0.005442,11.812322,0.8754,0.008647,0.066
SWZ,Eswatini,Africa,Climate & Energy,0.007027,-13.617039,0.723,0.018316,0.092
SWZ,Eswatini,Africa,Digital Infrastructure,0.013855,-27.737474,0.9162,0.017642,0.0978
SWZ,Eswatini,Africa,Economic Fragility,-0.005829,12.392202,0.334,0.03466,0.0635
SWZ,Eswatini,Africa,Food Security,-5.2e-05,0.640577,0.0,0.043631,0.0731
SWZ,Eswatini,Africa,Healthcare,0.000755,-1.251292,0.003,0.058392,0.0653
SWZ,Eswatini,Africa,Political Stability,-0.003862,8.34043,0.3448,0.022421,0.066
TGO,Togo,Africa,Climate & Energy,0.001659,-2.905408,0.0521,0.029806,0.092
TGO,Togo,Africa,Digital Infrastructure,0.007262,-14.542575,0.7299,0.018602,0.0978
TGO,Togo,Africa,Economic Fragility,-0.001818,4.361415,0.2868,0.012069,0.0635
TGO,Togo,Africa,Food Security,0.008248,-16.068997,0.424,0.040481,0.0731
TGO,Togo,Africa,Healthcare,0.003057,-6.044611,0.2857,0.020357,0.0653
TGO,Togo,Africa,Political Stability,-0.005734,12.051453,0.2508,0.041734,0.066
THA,Thailand,East Asia,Climate & Energy,0.005514,-10.480926,0.7543,0.013251,0.092
THA,Thailand,East Asia,Digital Infrastructure,0.026681,-53.407459,0.9204,0.033042,0.0978
THA,Thailand,East Asia,Economic Fragility,0.001727,-2.763505,0.2302,0.0133,0.0635
THA,Thailand,East Asia,Food Security,0.001968,-3.128855,0.2833,0.013185,0.0731
THA,Thailand,East Asia,Healthcare,0.002538,-4.979829,0.4371,0.012131,0.0653
THA,Thailand,East Asia,Political Stability,-0.004587,9.690447,0.0671,0.072019,0.066
TJK,Tajikistan,Central Asia,Climate & Energy,0.002283,-3.948672,0.4834,0.009941,0.092
TJK,Tajikistan,Central Asia,Digital Infrastructure,0.012241,-24.524155,0.4942,0.052155,0.0978
TJK,Tajikistan,Central Asia,Economic Fragility,-0.007938,16.541861,0.2417,0.059213,0.0635
TJK,Tajikistan,Central Asia,Food Security,0.012611,-24.904493,0.3144,0.078431,0.0731
TJK,Tajikistan,Central Asia,Healthcare,0.000334,-0.380777,0.0365,0.007214,0.0653
TJK,Tajikistan,Central Asia,Political Stability,0.007876,-15.430125,0.6539,0.024132,0.066
TUN,Tunisia,Africa,Climate & Energy,0.00226,-3.903958,0.3072,0.014291,0.092
TUN,Tunisia,Africa,Digital Infrastructure,0.022856,-45.726758,0.9722,0.016281,0.0978
TUN,Tunisia,Africa,Economic Fragility,0.000963,-1.227022,0.083,0.013477,0.0635
TUN,Tunisia,Africa,Food Security,-0.001513,3.848515,0.121,0.01718,0.0731
TUN,Tunisia,Africa,Healthcare,0.005087,-10.042924,0.605,0.017308,0.0653
TUN,Tunisia,Africa,Political Stability,-0.013121,26.934752,0.7075,0.03553,0.066
TUR,Turkiye,Europe,Climate & Energy,0.00262,-4.626144,0.2709,0.018101,0.092
TUR,Turkiye,Europe,Digital Infrastructure,0.028605,-57.208155,0.9877,0.013417,0.0978
TUR,Turkiye,Europe,Economic Fragility,-0.000183,1.012162,0.0005,0.035511,0.0635
TUR,Turkiye,Europe,Food Security,0.001657,-2.443681,0.1208,0.018819,0.0731
TUR,Turkiye,Europe,Healthcare,0.001006,-1.833475,0.4406,0.004776,0.0653
TUR,Turkiye,Europe,Political Stability,-0.006592,13.647291,0.384,0.035162,0.066
UKR,Ukraine,Europe,Climate & Energy,0.002513,-4.422506,0.2492,0.018371,0.092
UKR,Ukraine,Europe,Digital Infrastructure,0.02983,-59.737964,0.9615,0.025121,0.0978
UKR,Ukraine,Europe,Economic Fragility,0.004573,-8.500626,0.2347,0.034773,0.0635
UKR,Ukraine,Europe,Food Security,-0.003535,7.946163,0.4116,0.017798,0.0731
UKR,Ukraine,Europe,Healthcare,0.000244,-0.057283,0.0053,0.014149,0.0653
UKR,Ukraine,Europe,Political Stability,-0.017412,35.463972,0.5335,0.068574,0.066
URY,Uruguay,South America,Climate & Energy,0.002307,-3.933945,0.6863,0.006568,0.092
URY,Uruguay,South America,Digital Infrastructure,0.035359,-70.688729,0.9716,0.025481,0.0978
URY,Uruguay,South America,Economic Fragility,-9.6e-05,0.894283,0.0005,0.019073,0.0635
URY,Uruguay,South America,Food Security,-0.001733,4.268268,0.0417,0.034982,0.0731
URY,Uruguay,South America,Healthcare,-0.002623,5.607003,0.0546,0.045967,0.0653
URY,Uruguay,South America,Political Stability,0.002811,-4.840036,0.4843,0.012217,0.066
USA,United States,North America,Climate & Energy,0.001448,-2.232298,0.0845,0.020085,0.092
USA,United States,North America,Digital Infrastructure,0.023598,-46.833477,0.9228,0.028744,0.0978
USA,United States,North America,Economic Fragility,-0.000177,1.074182,0.0057,0.009822,0.0635
USA,United States,North America,Food Security,-0.00167,4.264262,0.4682,0.007498,0.0731
USA,United States,North America,Healthcare,0.005764,-11.067256,0.2206,0.045631,0.0653
USA,United States,North America,Political Stability,-0.003335,7.403096,0.1205,0.037942,0.066
UZB,Uzbekistan,Central Asia,Climate & Energy,0.000965,-1.343491,0.0649,0.015428,0.092
UZB,Uzbekistan,Central Asia,Digital Infrastructure,0.03094,-62.007672,0.8633,0.051853,0.0978
UZB,Uzbekistan,Central Asia,Economic Fragility,0.013228,-26.049664,0.6514,0.040751,0.0635
UZB,Uzbekistan,Central Asia,Food Security,0.005234,-9.685812,0.0847,0.072032,0.0731
UZB,Uzbekistan,Central Asia,Healthcare,-0.000769,1.841616,0.04,0.015855,0.0653
UZB,Uzbekistan,Central Asia,Political Stability,0.014345,-28.405614,0.7322,0.036538,0.066
VNM,Viet Nam,East Asia,Climate & Energy,0.007988,-15.466741,0.8992,0.011261,0.092
VNM,Viet Nam,East Asia,Digital Infrastructure,0.028477,-57.013572,0.9701,0.021066,0.0978
VNM,Viet Nam,East Asia,Economic Fragility,0.000759,-0.851126,0.081,0.01077,0.0635
VNM,Viet Nam,East Asia,Food Security,0.003257,-5.765941,0.5687,0.011946,0.0731
VNM,Viet Nam,East Asia,Healthcare,0.002433,-4.74565,0.52,0.009844,0.0653
VNM,Viet Nam,East Asia,Political Stability,-0.004019,8.739797,0.628,0.013025,0.066
ZMB,Zambia,Africa,Climate & Energy,-0.001856,4.183698,0.0558,0.032155,0.092
ZMB,Zambia,Africa,Digital Infrastructure,0.006213,-12.44473,0.7462,0.015261,0.0978
ZMB,Zambia,Africa,Economic Fragility,0.002472,-4.310729,0.4353,0.011858,0.0635
ZMB,Zambia,Africa,Food Security,0.007022,-13.636474,0.2359,0.053221,0.0731
ZMB,Zambia,Africa,Healthcare,-0.000585,1.3379,0.0076,0.028182,0.0653
ZMB,Zambia,Africa,Political Stability,-0.000371,1.408592,0.0025,0.031233,0.066
